DATA,LUCRO
01/2018,986.1999999999998
02/2018,920.0
03/2018,511.4000000000001
04/2018,121.54999999999995
05/2018,681.0
06/2018,1314.9999999999998
07/2018,604.0999999999999
08/2018,561.0
09/2018,595.0
10/2018,1102.1499999999999
11/2018,972.0
12/2018,81.35000000000014
